Model,Mean Accuracy,MAE Std,Mean R²,R² Std
XGBoost,89.71000000000001,0.0125,0.7311,0.0621
Random Forest,88.53999999999999,0.0197,0.6901,0.0647
Extra Trees,88.34,0.0186,0.6361,0.0791
Gradient Boost,87.63,0.0169,0.5936,0.1436
Decision Tree,87.53,0.0139,0.4827,0.1271
Histogram GBM,87.29,0.0125,0.661,0.0296
AdaBoost,82.78,0.0211,0.4995,0.0714
Random Baseline,68.69475278608864,0.02909525927420716,-0.6688071665227213,0.11550212101072824
